k,inertia,silhouette,calinski,davies
2,53210392.955689944,0.4927417826947973,73.40737492661849,0.6534555724696528
3,52833032.940362565,-0.059564460841495616,75.21763090720738,1.7827626332946025
4,52897860.159837484,-0.0636234139960204,45.70345445645572,2.437041282203587
5,52433136.94563542,0.14745445525275172,58.309277418027115,1.5821499440630997
6,52168763.32147848,0.18196679730315027,57.733354718353695,1.378404619152134
7,52465458.90696576,0.1455196508611552,37.742184006164564,1.7574664369821686
8,52082966.918874994,0.15005586916978095,43.81799475683721,5.011109386213277
