Model,Accuracy,Precision,Recall,F1_Score
MultinomialNB,0.9631357909472702,0.9551820728291317,0.844059405940594,0.8961892247043364
BernoulliNB,0.9402706486234251,0.9181818181818182,0.75,0.8256130790190735
GaussianNB,0.7456836210919272,0.4155688622754491,0.8589108910891089,0.5601291364003228
